Округ;Фамилия;Предмет;Баллы
СВ;Ученик1;Информатика;514
Зел;Ученик2;Информатика;280
З;Ученик3;Физкультура;596
Нм;Ученик4;Информатика;56
СВ;Ученик5;Физкультура;935
Нм;Ученик6;Физика;303
В;Ученик7;Физкультура;806
Ц;Ученик8;Физкультура;8
ЮВ;Ученик9;Информатика;339
С;Ученик10;Физика;783
Тр;Ученик11;Биология;604
СВ;Ученик12;Обществознание;442
С;Ученик13;Физика;864
Ю;Ученик14;Биология;483
В;Ученик15;Информатика;454
СЗ;Ученик16;Физика;658
СВ;Ученик17;Физкультура;305
ЮВ;Ученик18;Информатика;82
Нм;Ученик19;Физкультура;794
С;Ученик20;Информатика;395
Зел;Ученик21;Биология;283
З;Ученик22;Физкультура;325
В;Ученик23;Физика;409
Ю;Ученик24;Обществознание;494
Ц;Ученик25;Обществознание;847
Ю;Ученик26;Физика;720
Зел;Ученик27;Физкультура;271
С;Ученик28;Физкультура;316
З;Ученик29;Физкультура;755
С;Ученик30;Биология;47
Ю;Ученик31;Биология;487
Тр;Ученик32;Физика;909
З;Ученик33;Физика;738
Зел;Ученик34;Физика;572
З;Ученик35;Информатика;81
ЮВ;Ученик36;Физика;179
Зел;Ученик37;Биология;763
СЗ;Ученик38;Биология;634
СВ;Ученик39;Информатика;812
З;Ученик40;Обществознание;234
З;Ученик41;Физика;117
Ц;Ученик42;Биология;860
ЮЗ;Ученик43;Физика;328
Тр;Ученик44;Обществознание;941
З;Ученик45;Биология;322
Зел;Ученик46;Физкультура;550
В;Ученик47;Обществознание;838
Тр;Ученик48;Физкультура;931
ЮВ;Ученик49;Физкультура;293
В;Ученик50;Биология;632
Зел;Ученик51;Обществознание;56
СЗ;Ученик52;Обществознание;896
СЗ;Ученик53;Информатика;164
Нм;Ученик54;Обществознание;615
СВ;Ученик55;Физкультура;960
С;Ученик56;Обществознание;342
ЮЗ;Ученик57;Обществознание;278
ЮВ;Ученик58;Информатика;208
Ц;Ученик59;Физкультура;774
Нм;Ученик60;Информатика;241
С;Ученик61;Физика;82
Тр;Ученик62;Физика;95
С;Ученик63;Физика;900
Ю;Ученик64;Информатика;920
Ю;Ученик65;Информатика;246
СВ;Ученик66;Информатика;18
Ц;Ученик67;Обществознание;414
ЮЗ;Ученик68;Физика;169
С;Ученик69;Физика;913
СЗ;Ученик70;Обществознание;277
Зел;Ученик71;Физика;604
ЮЗ;Ученик72;Биология;910
Ю;Ученик73;Физика;54
С;Ученик74;Физкультура;708
Зел;Ученик75;Обществознание;376
СВ;Ученик76;Обществознание;453
СЗ;Ученик77;Обществознание;403
Зел;Ученик78;Физика;708
Тр;Ученик79;Биология;394
СЗ;Ученик80;Биология;654
В;Ученик81;Физика;962
ЮВ;Ученик82;Обществознание;686
ЮЗ;Ученик83;Обществознание;132
Нм;Ученик84;Физкультура;872
Нм;Ученик85;Физика;259
Ц;Ученик86;Биология;359
Тр;Ученик87;Обществознание;544
С;Ученик88;Физика;673
Ю;Ученик89;Информатика;536
Тр;Ученик90;Физика;908
ЮЗ;Ученик91;Физика;777
С;Ученик92;Информатика;393
С;Ученик93;Обществознание;949
Ц;Ученик94;Информатика;880
З;Ученик95;Физкультура;278
СЗ;Ученик96;Информатика;915
З;Ученик97;Обществознание;550
З;Ученик98;Информатика;851
ЮЗ;Ученик99;Информатика;177
Нм;Ученик100;Физкультура;523
В;Ученик101;Физика;181
С;Ученик102;Биология;185
В;Ученик103;Обществознание;198
Тр;Ученик104;Информатика;803
Нм;Ученик105;Физкультура;506
З;Ученик106;Информатика;758
В;Ученик107;Обществознание;939
Зел;Ученик108;Физика;13
Нм;Ученик109;Обществознание;315
Ц;Ученик110;Физкультура;550
ЮЗ;Ученик111;Физика;987
ЮВ;Ученик112;Информатика;1000
Ц;Ученик113;Информатика;900
Ю;Ученик114;Биология;837
Зел;Ученик115;Информатика;687
СЗ;Ученик116;Физика;319
ЮВ;Ученик117;Физкультура;328
З;Ученик118;Биология;153
Тр;Ученик119;Физкультура;964
Нм;Ученик120;Физкультура;300
СВ;Ученик121;Физика;461
СВ;Ученик122;Физика;365
Нм;Ученик123;Обществознание;320
Нм;Ученик124;Информатика;988
З;Ученик125;Биология;529
Нм;Ученик126;Физика;638
Тр;Ученик127;Информатика;401
Зел;Ученик128;Биология;989
Ц;Ученик129;Физика;532
СЗ;Ученик130;Обществознание;312
Ю;Ученик131;Информатика;489
ЮЗ;Ученик132;Физкультура;194
Нм;Ученик133;Физкультура;592
Нм;Ученик134;Биология;767
СВ;Ученик135;Информатика;171
Нм;Ученик136;Обществознание;809
С;Ученик137;Обществознание;906
В;Ученик138;Обществознание;252
ЮЗ;Ученик139;Информатика;20
С;Ученик140;Физкультура;684
ЮЗ;Ученик141;Биология;497
Ц;Ученик142;Биология;398
Зел;Ученик143;Информатика;268
В;Ученик144;Информатика;568
Зел;Ученик145;Физкультура;494
В;Ученик146;Физкультура;738
Ю;Ученик147;Физика;901
С;Ученик148;Информатика;224
С;Ученик149;Информатика;399
Ю;Ученик150;Информатика;241
ЮЗ;Ученик151;Физкультура;401
Ц;Ученик152;Физкультура;910
СЗ;Ученик153;Биология;754
В;Ученик154;Обществознание;458
ЮЗ;Ученик155;Обществознание;365
Нм;Ученик156;Обществознание;106
Зел;Ученик157;Биология;316
З;Ученик158;Биология;642
Зел;Ученик159;Информатика;611
Нм;Ученик160;Информатика;654
С;Ученик161;Информатика;910
Ц;Ученик162;Физика;6
СЗ;Ученик163;Биология;891
С;Ученик164;Обществознание;960
В;Ученик165;Биология;860
СВ;Ученик166;Физкультура;514
З;Ученик167;Физика;875
СВ;Ученик168;Физкультура;281
В;Ученик169;Физика;753
В;Ученик170;Физкультура;260
СВ;Ученик171;Обществознание;343
Ю;Ученик172;Обществознание;822
СЗ;Ученик173;Физика;684
СЗ;Ученик174;Физкультура;170
СЗ;Ученик175;Биология;524
ЮЗ;Ученик176;Обществознание;821
Тр;Ученик177;Информатика;996
Ц;Ученик178;Физкультура;44
В;Ученик179;Информатика;101
ЮЗ;Ученик180;Обществознание;918
Ц;Ученик181;Физика;837
З;Ученик182;Биология;986
Нм;Ученик183;Физкультура;824
Тр;Ученик184;Биология;218
Нм;Ученик185;Физкультура;53
Ц;Ученик186;Биология;694
Нм;Ученик187;Физика;654
ЮВ;Ученик188;Обществознание;102
Зел;Ученик189;Обществознание;3
Зел;Ученик190;Физика;843
В;Ученик191;Информатика;558
Зел;Ученик192;Физика;61
СЗ;Ученик193;Биология;215
Ю;Ученик194;Биология;697
Нм;Ученик195;Биология;537
Ц;Ученик196;Информатика;824
Тр;Ученик197;Информатика;140
ЮЗ;Ученик198;Обществознание;538
Ц;Ученик199;Информатика;638
З;Ученик200;Физика;914
СЗ;Ученик201;Физкультура;566
Ц;Ученик202;Биология;256
ЮЗ;Ученик203;Информатика;908
З;Ученик204;Обществознание;693
С;Ученик205;Физика;37
ЮЗ;Ученик206;Физика;570
С;Ученик207;Обществознание;132
Нм;Ученик208;Физкультура;506
СВ;Ученик209;Обществознание;775
ЮЗ;Ученик210;Информатика;300
С;Ученик211;Физика;951
СВ;Ученик212;Физкультура;661
ЮЗ;Ученик213;Физика;462
ЮЗ;Ученик214;Физика;672
З;Ученик215;Информатика;332
ЮЗ;Ученик216;Биология;140
СЗ;Ученик217;Информатика;288
Зел;Ученик218;Обществознание;51
ЮЗ;Ученик219;Информатика;123
Ц;Ученик220;Физика;543
Тр;Ученик221;Физика;952
З;Ученик222;Информатика;438
ЮЗ;Ученик223;Физика;100
Зел;Ученик224;Обществознание;853
ЮВ;Ученик225;Информатика;575
ЮЗ;Ученик226;Обществознание;496
Нм;Ученик227;Биология;921
Нм;Ученик228;Физика;43
Тр;Ученик229;Биология;670
Зел;Ученик230;Информатика;189
Ц;Ученик231;Информатика;964
Зел;Ученик232;Информатика;754
СЗ;Ученик233;Физика;220
СЗ;Ученик234;Биология;774
Ю;Ученик235;Биология;887
ЮВ;Ученик236;Физкультура;589
З;Ученик237;Биология;559
ЮЗ;Ученик238;Биология;219
В;Ученик239;Обществознание;685
Тр;Ученик240;Биология;41
Ю;Ученик241;Информатика;485
З;Ученик242;Физика;561
В;Ученик243;Обществознание;937
В;Ученик244;Физкультура;900
Ц;Ученик245;Биология;83
Зел;Ученик246;Биология;310
Зел;Ученик247;Биология;736
СЗ;Ученик248;Физика;819
ЮВ;Ученик249;Физика;986
СВ;Ученик250;Обществознание;854
Тр;Ученик251;Обществознание;829
Ц;Ученик252;Обществознание;771
Ц;Ученик253;Обществознание;570
Ю;Ученик254;Биология;17
Ю;Ученик255;Физкультура;37
В;Ученик256;Обществознание;705
В;Ученик257;Биология;275
Ц;Ученик258;Обществознание;999
Зел;Ученик259;Информатика;196
Нм;Ученик260;Физика;191
ЮВ;Ученик261;Биология;245
Ц;Ученик262;Физика;355
Ю;Ученик263;Физика;725
ЮВ;Ученик264;Обществознание;647
В;Ученик265;Биология;250
ЮЗ;Ученик266;Обществознание;99
З;Ученик267;Физика;327
Нм;Ученик268;Биология;496
Ю;Ученик269;Информатика;189
В;Ученик270;Информатика;251
Ц;Ученик271;Физкультура;155
ЮЗ;Ученик272;Биология;871
Ю;Ученик273;Физика;451
Ю;Ученик274;Обществознание;470
СВ;Ученик275;Информатика;365
В;Ученик276;Биология;253
СВ;Ученик277;Обществознание;580
Ю;Ученик278;Информатика;136
ЮЗ;Ученик279;Физкультура;730
Ц;Ученик280;Биология;509
Ц;Ученик281;Обществознание;886
Тр;Ученик282;Информатика;432
СВ;Ученик283;Биология;549
ЮВ;Ученик284;Физика;200
В;Ученик285;Информатика;339
Зел;Ученик286;Биология;181
ЮВ;Ученик287;Информатика;594
Зел;Ученик288;Обществознание;897
Нм;Ученик289;Физкультура;796
СЗ;Ученик290;Физкультура;504
Ц;Ученик291;Физкультура;19
СВ;Ученик292;Физика;79
Нм;Ученик293;Физика;317
СВ;Ученик294;Обществознание;58
Тр;Ученик295;Информатика;930
СЗ;Ученик296;Информатика;587
ЮВ;Ученик297;Физика;809
Ц;Ученик298;Физкультура;727
С;Ученик299;Физика;789
З;Ученик300;Информатика;695
З;Ученик301;Биология;678
СЗ;Ученик302;Физкультура;299
ЮЗ;Ученик303;Информатика;51
З;Ученик304;Физика;871
ЮВ;Ученик305;Информатика;966
Зел;Ученик306;Биология;134
С;Ученик307;Информатика;68
ЮВ;Ученик308;Физкультура;922
Ц;Ученик309;Физкультура;803
С;Ученик310;Физика;38
ЮЗ;Ученик311;Биология;867
Ц;Ученик312;Информатика;311
З;Ученик313;Физика;217
ЮВ;Ученик314;Информатика;217
СЗ;Ученик315;Информатика;850
Тр;Ученик316;Физкультура;440
Зел;Ученик317;Обществознание;971
Зел;Ученик318;Информатика;881
ЮВ;Ученик319;Информатика;263
Ц;Ученик320;Физика;436
В;Ученик321;Биология;998
Зел;Ученик322;Обществознание;200
Тр;Ученик323;Биология;861
Ц;Ученик324;Обществознание;933
Нм;Ученик325;Физика;215
Зел;Ученик326;Обществознание;295
СВ;Ученик327;Физкультура;831
С;Ученик328;Обществознание;874
СЗ;Ученик329;Обществознание;371
В;Ученик330;Биология;378
С;Ученик331;Обществознание;562
С;Ученик332;Информатика;811
Тр;Ученик333;Физкультура;278
Зел;Ученик334;Биология;371
С;Ученик335;Физика;479
З;Ученик336;Физкультура;142
Ю;Ученик337;Физика;719
ЮЗ;Ученик338;Физкультура;20
Ю;Ученик339;Обществознание;171
Тр;Ученик340;Биология;907
С;Ученик341;Обществознание;881
Тр;Ученик342;Физкультура;119
З;Ученик343;Физика;512
В;Ученик344;Информатика;745
С;Ученик345;Обществознание;884
Ц;Ученик346;Обществознание;542
ЮЗ;Ученик347;Физика;565
С;Ученик348;Обществознание;136
ЮЗ;Ученик349;Физика;1000
Ц;Ученик350;Физкультура;739
С;Ученик351;Информатика;498
ЮВ;Ученик352;Информатика;433
ЮВ;Ученик353;Биология;555
С;Ученик354;Физика;812
Ц;Ученик355;Биология;680
Ц;Ученик356;Физкультура;330
Тр;Ученик357;Биология;955
Ц;Ученик358;Информатика;467
СВ;Ученик359;Физкультура;673
Ц;Ученик360;Физика;73
Ц;Ученик361;Физкультура;278
В;Ученик362;Информатика;856
Зел;Ученик363;Обществознание;246
СЗ;Ученик364;Обществознание;927
СЗ;Ученик365;Обществознание;845
З;Ученик366;Информатика;382
ЮЗ;Ученик367;Биология;500
Нм;Ученик368;Биология;598
Нм;Ученик369;Физкультура;876
Зел;Ученик370;Биология;777
ЮЗ;Ученик371;Физика;810
СВ;Ученик372;Биология;686
Ю;Ученик373;Биология;519
Нм;Ученик374;Обществознание;962
ЮВ;Ученик375;Физика;601
Нм;Ученик376;Информатика;89
ЮВ;Ученик377;Физика;570
Нм;Ученик378;Физика;456
СЗ;Ученик379;Биология;130
Тр;Ученик380;Информатика;173
Нм;Ученик381;Физкультура;93
С;Ученик382;Физика;428
ЮЗ;Ученик383;Обществознание;168
З;Ученик384;Физика;816
В;Ученик385;Биология;226
Ю;Ученик386;Физика;581
СВ;Ученик387;Физика;560
ЮВ;Ученик388;Информатика;256
В;Ученик389;Информатика;805
Ю;Ученик390;Информатика;374
Зел;Ученик391;Физкультура;242
С;Ученик392;Физкультура;405
Ю;Ученик393;Биология;651
ЮЗ;Ученик394;Физика;629
Нм;Ученик395;Обществознание;886
Ц;Ученик396;Физкультура;766
Зел;Ученик397;Физкультура;565
Зел;Ученик398;Информатика;485
ЮВ;Ученик399;Физика;41
СЗ;Ученик400;Биология;168
С;Ученик401;Информатика;145
СВ;Ученик402;Информатика;3
З;Ученик403;Физика;956
В;Ученик404;Обществознание;544
ЮЗ;Ученик405;Биология;399
ЮВ;Ученик406;Биология;476
З;Ученик407;Физкультура;414
Зел;Ученик408;Информатика;433
СВ;Ученик409;Биология;924
Ю;Ученик410;Обществознание;443
Нм;Ученик411;Информатика;715
ЮЗ;Ученик412;Биология;940
Ю;Ученик413;Обществознание;433
Ю;Ученик414;Физика;246
З;Ученик415;Биология;7
Нм;Ученик416;Обществознание;681
С;Ученик417;Биология;568
Ю;Ученик418;Информатика;565
ЮЗ;Ученик419;Физкультура;237
СЗ;Ученик420;Физика;819
Нм;Ученик421;Физика;337
Ц;Ученик422;Физика;531
Нм;Ученик423;Биология;516
ЮЗ;Ученик424;Биология;931
Зел;Ученик425;Биология;143
ЮВ;Ученик426;Физкультура;699
Ц;Ученик427;Обществознание;628
С;Ученик428;Обществознание;558
СВ;Ученик429;Физкультура;88
С;Ученик430;Физкультура;471
Тр;Ученик431;Информатика;747
Зел;Ученик432;Физика;904
Ц;Ученик433;Обществознание;545
СВ;Ученик434;Информатика;217
З;Ученик435;Обществознание;867
Нм;Ученик436;Физкультура;678
Ю;Ученик437;Обществознание;235
З;Ученик438;Информатика;862
СЗ;Ученик439;Биология;760
З;Ученик440;Информатика;961
СЗ;Ученик441;Информатика;647
Тр;Ученик442;Биология;15
СЗ;Ученик443;Обществознание;655
Зел;Ученик444;Биология;936
ЮВ;Ученик445;Обществознание;310
Ц;Ученик446;Биология;733
В;Ученик447;Биология;352
Ц;Ученик448;Физкультура;459
ЮЗ;Ученик449;Физкультура;240
СЗ;Ученик450;Обществознание;351
Тр;Ученик451;Физкультура;805
В;Ученик452;Биология;597
В;Ученик453;Обществознание;764
СЗ;Ученик454;Физкультура;625
ЮЗ;Ученик455;Биология;657
СЗ;Ученик456;Биология;183
ЮЗ;Ученик457;Физкультура;830
Зел;Ученик458;Физика;770
Ю;Ученик459;Физика;419
СВ;Ученик460;Информатика;506
СЗ;Ученик461;Обществознание;689
ЮВ;Ученик462;Физкультура;493
СЗ;Ученик463;Биология;355
Ц;Ученик464;Информатика;482
З;Ученик465;Информатика;290
СЗ;Ученик466;Физика;228
СВ;Ученик467;Биология;459
Ю;Ученик468;Биология;558
ЮЗ;Ученик469;Физкультура;585
Нм;Ученик470;Обществознание;335
Ю;Ученик471;Биология;376
ЮВ;Ученик472;Физкультура;925
СВ;Ученик473;Физкультура;521
ЮЗ;Ученик474;Информатика;360
СВ;Ученик475;Информатика;552
Ц;Ученик476;Информатика;319
Ц;Ученик477;Обществознание;478
Тр;Ученик478;Физика;551
С;Ученик479;Обществознание;120
Тр;Ученик480;Обществознание;481
С;Ученик481;Биология;267
Тр;Ученик482;Физика;286
Зел;Ученик483;Обществознание;774
Нм;Ученик484;Информатика;435
З;Ученик485;Информатика;22
Нм;Ученик486;Физика;173
Нм;Ученик487;Физика;968
Зел;Ученик488;Физика;189
В;Ученик489;Обществознание;243
Зел;Ученик490;Информатика;5
С;Ученик491;Обществознание;352
Нм;Ученик492;Биология;757
СЗ;Ученик493;Биология;598
З;Ученик494;Обществознание;1000
Зел;Ученик495;Информатика;173
Тр;Ученик496;Биология;841
СЗ;Ученик497;Обществознание;790
ЮВ;Ученик498;Физкультура;278
В;Ученик499;Биология;675
З;Ученик500;Обществознание;242
З;Ученик501;Биология;901
СВ;Ученик502;Физика;300
Ю;Ученик503;Физкультура;979
З;Ученик504;Физкультура;918
СЗ;Ученик505;Обществознание;972
СВ;Ученик506;Обществознание;181
ЮЗ;Ученик507;Обществознание;844
Ю;Ученик508;Физкультура;242
Ц;Ученик509;Физкультура;614
Зел;Ученик510;Физика;371
ЮЗ;Ученик511;Биология;785
В;Ученик512;Обществознание;807
СЗ;Ученик513;Обществознание;177
В;Ученик514;Информатика;585
СВ;Ученик515;Биология;271
ЮВ;Ученик516;Физкультура;822
З;Ученик517;Обществознание;34
С;Ученик518;Обществознание;595
Ю;Ученик519;Биология;996
СВ;Ученик520;Физкультура;276
Зел;Ученик521;Информатика;261
ЮЗ;Ученик522;Физкультура;737
Зел;Ученик523;Физика;317
ЮЗ;Ученик524;Информатика;364
С;Ученик525;Физкультура;330
ЮВ;Ученик526;Обществознание;377
Нм;Ученик527;Обществознание;993
С;Ученик528;Физкультура;438
З;Ученик529;Информатика;882
Ц;Ученик530;Обществознание;756
З;Ученик531;Информатика;565
СЗ;Ученик532;Физика;383
СЗ;Ученик533;Биология;868
В;Ученик534;Обществознание;790
Ц;Ученик535;Обществознание;434
В;Ученик536;Физика;694
Ю;Ученик537;Физкультура;811
Ю;Ученик538;Обществознание;654
Ю;Ученик539;Биология;70
ЮЗ;Ученик540;Физкультура;240
СЗ;Ученик541;Обществознание;610
СВ;Ученик542;Обществознание;749
В;Ученик543;Физика;979
В;Ученик544;Информатика;484
ЮВ;Ученик545;Обществознание;353
Нм;Ученик546;Биология;631
З;Ученик547;Информатика;265
З;Ученик548;Информатика;619
СЗ;Ученик549;Биология;187
ЮВ;Ученик550;Физика;377
СЗ;Ученик551;Информатика;474
С;Ученик552;Физика;98
Ц;Ученик553;Биология;486
Ц;Ученик554;Физкультура;930
С;Ученик555;Обществознание;334
Ц;Ученик556;Физкультура;235
З;Ученик557;Физика;332
СВ;Ученик558;Физкультура;15
Нм;Ученик559;Обществознание;194
З;Ученик560;Физкультура;486
ЮЗ;Ученик561;Физика;781
Ю;Ученик562;Информатика;918
Зел;Ученик563;Физика;170
ЮЗ;Ученик564;Физика;767
С;Ученик565;Обществознание;280
Зел;Ученик566;Информатика;401
В;Ученик567;Биология;928
В;Ученик568;Информатика;707
СВ;Ученик569;Физкультура;119
Зел;Ученик570;Биология;26
З;Ученик571;Физкультура;792
СВ;Ученик572;Биология;688
З;Ученик573;Физкультура;698
Нм;Ученик574;Обществознание;668
Зел;Ученик575;Информатика;665
СЗ;Ученик576;Физика;543
Ю;Ученик577;Физкультура;315
Ц;Ученик578;Биология;463
С;Ученик579;Физкультура;151
Ц;Ученик580;Обществознание;983
СЗ;Ученик581;Информатика;127
Тр;Ученик582;Физика;913
Ю;Ученик583;Информатика;949
З;Ученик584;Физкультура;78
Нм;Ученик585;Биология;608
В;Ученик586;Физкультура;751
ЮЗ;Ученик587;Физкультура;844
Ю;Ученик588;Информатика;638
СВ;Ученик589;Обществознание;68
Нм;Ученик590;Биология;381
В;Ученик591;Физкультура;922
СЗ;Ученик592;Физика;89
В;Ученик593;Физика;742
Ю;Ученик594;Информатика;199
Тр;Ученик595;Информатика;66
Тр;Ученик596;Биология;59
Зел;Ученик597;Обществознание;362
С;Ученик598;Физкультура;286
В;Ученик599;Физкультура;957
Тр;Ученик600;Физика;581
Ц;Ученик601;Информатика;859
СВ;Ученик602;Информатика;433
Тр;Ученик603;Биология;958
З;Ученик604;Обществознание;409
Ц;Ученик605;Обществознание;963
ЮЗ;Ученик606;Информатика;127
Нм;Ученик607;Информатика;790
Ю;Ученик608;Информатика;493
Ц;Ученик609;Обществознание;791
С;Ученик610;Обществознание;840
ЮВ;Ученик611;Обществознание;741
ЮЗ;Ученик612;Информатика;76
СЗ;Ученик613;Информатика;42
Ю;Ученик614;Биология;63
Зел;Ученик615;Информатика;452
Ц;Ученик616;Физкультура;901
СВ;Ученик617;Физика;156
Тр;Ученик618;Биология;70
Ц;Ученик619;Обществознание;313
ЮВ;Ученик620;Информатика;690
Нм;Ученик621;Биология;166
Ю;Ученик622;Физкультура;749
Ц;Ученик623;Физика;951
СЗ;Ученик624;Обществознание;189
СЗ;Ученик625;Обществознание;201
Зел;Ученик626;Информатика;914
СВ;Ученик627;Обществознание;85
С;Ученик628;Физкультура;851
С;Ученик629;Информатика;456
Зел;Ученик630;Информатика;740
С;Ученик631;Биология;867
ЮЗ;Ученик632;Информатика;121
Ц;Ученик633;Информатика;98
Нм;Ученик634;Информатика;37
Зел;Ученик635;Физкультура;719
СВ;Ученик636;Физкультура;656
Ц;Ученик637;Физика;168
ЮВ;Ученик638;Информатика;980
ЮВ;Ученик639;Информатика;502
Зел;Ученик640;Биология;560
Ю;Ученик641;Информатика;474
СЗ;Ученик642;Обществознание;801
З;Ученик643;Физкультура;63
В;Ученик644;Физика;463
Тр;Ученик645;Биология;891
Тр;Ученик646;Обществознание;689
Нм;Ученик647;Биология;365
Зел;Ученик648;Биология;234
СЗ;Ученик649;Физика;823
Зел;Ученик650;Информатика;589
С;Ученик651;Информатика;274
Ю;Ученик652;Обществознание;256
СЗ;Ученик653;Информатика;21
СЗ;Ученик654;Физика;403
Зел;Ученик655;Физика;950
В;Ученик656;Физкультура;441
ЮВ;Ученик657;Информатика;244
Ц;Ученик658;Биология;600
Зел;Ученик659;Физика;691
ЮВ;Ученик660;Физкультура;382
ЮВ;Ученик661;Физкультура;580
Тр;Ученик662;Информатика;414
ЮВ;Ученик663;Физика;640
СЗ;Ученик664;Обществознание;196
СЗ;Ученик665;Физика;355
Ю;Ученик666;Физкультура;671
С;Ученик667;Физкультура;55
ЮЗ;Ученик668;Физика;950
ЮЗ;Ученик669;Информатика;709
Нм;Ученик670;Обществознание;320
Ц;Ученик671;Информатика;459
Ю;Ученик672;Информатика;91
В;Ученик673;Биология;228
Ц;Ученик674;Биология;721
СЗ;Ученик675;Физкультура;697
З;Ученик676;Информатика;206
В;Ученик677;Физика;363
С;Ученик678;Информатика;945
Зел;Ученик679;Обществознание;303
ЮВ;Ученик680;Обществознание;706
С;Ученик681;Информатика;639
СЗ;Ученик682;Информатика;891
Зел;Ученик683;Физкультура;873
ЮВ;Ученик684;Физкультура;832
В;Ученик685;Физкультура;746
С;Ученик686;Информатика;595
Ц;Ученик687;Физика;133
Нм;Ученик688;Физика;656
СЗ;Ученик689;Обществознание;472
ЮЗ;Ученик690;Обществознание;768
Тр;Ученик691;Физкультура;900
Нм;Ученик692;Физика;195
Ю;Ученик693;Физика;783
Зел;Ученик694;Физика;185
Ц;Ученик695;Физика;311
СЗ;Ученик696;Информатика;426
ЮЗ;Ученик697;Физика;420
Нм;Ученик698;Обществознание;554
ЮЗ;Ученик699;Физика;404
Тр;Ученик700;Физика;661
В;Ученик701;Физкультура;893
СВ;Ученик702;Обществознание;593
ЮЗ;Ученик703;Биология;803
Ю;Ученик704;Физика;510
ЮЗ;Ученик705;Биология;796
В;Ученик706;Биология;756
Тр;Ученик707;Информатика;514
СЗ;Ученик708;Информатика;42
Ю;Ученик709;Обществознание;253
Ю;Ученик710;Биология;505
Тр;Ученик711;Биология;262
В;Ученик712;Биология;697
Зел;Ученик713;Обществознание;973
Зел;Ученик714;Физика;625
С;Ученик715;Обществознание;10
СЗ;Ученик716;Физкультура;953
В;Ученик717;Информатика;795
Ц;Ученик718;Физкультура;620
Тр;Ученик719;Биология;696
Ц;Ученик720;Физика;137
З;Ученик721;Информатика;766
ЮВ;Ученик722;Обществознание;217
С;Ученик723;Биология;63
Нм;Ученик724;Биология;537
В;Ученик725;Физика;297
Тр;Ученик726;Физика;922
В;Ученик727;Физкультура;802
С;Ученик728;Физика;413
ЮЗ;Ученик729;Физкультура;314
ЮВ;Ученик730;Обществознание;448
ЮВ;Ученик731;Обществознание;104
З;Ученик732;Физкультура;967
Нм;Ученик733;Физкультура;49
СЗ;Ученик734;Информатика;808
СВ;Ученик735;Информатика;825
Ц;Ученик736;Физкультура;338
Нм;Ученик737;Обществознание;106
ЮВ;Ученик738;Информатика;216
З;Ученик739;Физкультура;59
С;Ученик740;Информатика;901
В;Ученик741;Обществознание;731
Нм;Ученик742;Биология;716
ЮЗ;Ученик743;Физкультура;897
СВ;Ученик744;Физика;925
Ю;Ученик745;Биология;934
СЗ;Ученик746;Физика;408
Тр;Ученик747;Биология;89
С;Ученик748;Физика;614
В;Ученик749;Информатика;457
СВ;Ученик750;Биология;363
СЗ;Ученик751;Обществознание;636
ЮВ;Ученик752;Физкультура;623
Тр;Ученик753;Физкультура;839
ЮВ;Ученик754;Обществознание;446
Ю;Ученик755;Обществознание;464
СВ;Ученик756;Физкультура;492
В;Ученик757;Физкультура;182
С;Ученик758;Биология;824
Ю;Ученик759;Обществознание;208
В;Ученик760;Физика;871
ЮВ;Ученик761;Физкультура;359
Тр;Ученик762;Физкультура;809
ЮВ;Ученик763;Обществознание;82
З;Ученик764;Физкультура;207
С;Ученик765;Физика;176
СЗ;Ученик766;Обществознание;494
Нм;Ученик767;Физкультура;589
Тр;Ученик768;Физика;8
Зел;Ученик769;Обществознание;381
Зел;Ученик770;Обществознание;273
Тр;Ученик771;Информатика;198
Ю;Ученик772;Физика;919
Зел;Ученик773;Физика;602
СЗ;Ученик774;Информатика;327
СВ;Ученик775;Информатика;966
З;Ученик776;Физкультура;635
Ц;Ученик777;Биология;960
СВ;Ученик778;Обществознание;582
ЮВ;Ученик779;Биология;992
Зел;Ученик780;Физкультура;211
Тр;Ученик781;Биология;455
Тр;Ученик782;Физкультура;347
Ц;Ученик783;Физика;213
Ц;Ученик784;Биология;599
Ц;Ученик785;Обществознание;106
ЮВ;Ученик786;Физкультура;342
С;Ученик787;Обществознание;339
Ц;Ученик788;Информатика;728
С;Ученик789;Биология;201
ЮЗ;Ученик790;Физика;546
В;Ученик791;Обществознание;994
Тр;Ученик792;Физкультура;709
Ю;Ученик793;Обществознание;345
Ц;Ученик794;Физкультура;850
ЮВ;Ученик795;Физкультура;858
ЮВ;Ученик796;Информатика;463
СВ;Ученик797;Физика;422
Зел;Ученик798;Физкультура;914
ЮЗ;Ученик799;Физкультура;787
СЗ;Ученик800;Биология;884
ЮЗ;Ученик801;Физика;174
СЗ;Ученик802;Обществознание;384
СВ;Ученик803;Биология;557
Ю;Ученик804;Биология;560
Нм;Ученик805;Обществознание;839
Нм;Ученик806;Биология;933
СВ;Ученик807;Физика;474
ЮЗ;Ученик808;Биология;235
ЮЗ;Ученик809;Обществознание;589
Зел;Ученик810;Информатика;573
СЗ;Ученик811;Биология;459
В;Ученик812;Физкультура;165
Ю;Ученик813;Биология;435
ЮЗ;Ученик814;Информатика;315
Ц;Ученик815;Биология;421
Нм;Ученик816;Биология;305
Тр;Ученик817;Биология;935
Тр;Ученик818;Физика;350
СЗ;Ученик819;Обществознание;652
СВ;Ученик820;Обществознание;867
СЗ;Ученик821;Биология;681
В;Ученик822;Физика;554
СВ;Ученик823;Биология;937
СВ;Ученик824;Информатика;359
В;Ученик825;Физика;601
ЮЗ;Ученик826;Физика;133
З;Ученик827;Обществознание;897
Ю;Ученик828;Физика;950
Тр;Ученик829;Информатика;560
СВ;Ученик830;Физика;897
СЗ;Ученик831;Информатика;967
ЮВ;Ученик832;Биология;880
СЗ;Ученик833;Физкультура;227
В;Ученик834;Физика;295
СВ;Ученик835;Информатика;612
Нм;Ученик836;Физика;9
С;Ученик837;Обществознание;309
Ю;Ученик838;Физкультура;689
ЮВ;Ученик839;Биология;625
Ц;Ученик840;Информатика;501
Ю;Ученик841;Физика;41
Зел;Ученик842;Информатика;501
З;Ученик843;Обществознание;418
СВ;Ученик844;Физика;29
Нм;Ученик845;Обществознание;816
Нм;Ученик846;Биология;942
Ц;Ученик847;Биология;944
З;Ученик848;Информатика;374
Зел;Ученик849;Физика;944
СВ;Ученик850;Физкультура;645
С;Ученик851;Обществознание;61
Нм;Ученик852;Физика;636
З;Ученик853;Физика;559
ЮВ;Ученик854;Обществознание;221
ЮВ;Ученик855;Физкультура;579
Тр;Ученик856;Информатика;46
С;Ученик857;Информатика;770
СВ;Ученик858;Обществознание;645
ЮЗ;Ученик859;Биология;867
Нм;Ученик860;Биология;736
Зел;Ученик861;Информатика;907
Зел;Ученик862;Обществознание;837
ЮВ;Ученик863;Информатика;997
СВ;Ученик864;Биология;259
Тр;Ученик865;Информатика;87
Нм;Ученик866;Обществознание;573
Тр;Ученик867;Биология;277
Зел;Ученик868;Физика;299
В;Ученик869;Обществознание;334
Ю;Ученик870;Обществознание;994
ЮВ;Ученик871;Биология;475
ЮЗ;Ученик872;Физика;231
В;Ученик873;Обществознание;50
ЮЗ;Ученик874;Обществознание;228
Тр;Ученик875;Обществознание;265
Ц;Ученик876;Информатика;984
СЗ;Ученик877;Информатика;677
СЗ;Ученик878;Биология;11
Тр;Ученик879;Обществознание;97
СВ;Ученик880;Обществознание;948
Зел;Ученик881;Физкультура;691
З;Ученик882;Физкультура;473
СВ;Ученик883;Физика;774
В;Ученик884;Обществознание;811
З;Ученик885;Биология;92
Нм;Ученик886;Физика;46
З;Ученик887;Обществознание;932
С;Ученик888;Биология;396
СЗ;Ученик889;Биология;479
ЮЗ;Ученик890;Физика;540
З;Ученик891;Физкультура;315
Зел;Ученик892;Биология;480
ЮВ;Ученик893;Физкультура;798
С;Ученик894;Информатика;997
СЗ;Ученик895;Физика;71
ЮВ;Ученик896;Физкультура;976
Зел;Ученик897;Информатика;257
Зел;Ученик898;Информатика;970
С;Ученик899;Обществознание;471
СВ;Ученик900;Физкультура;559
ЮЗ;Ученик901;Физика;17
СЗ;Ученик902;Информатика;73
С;Ученик903;Физика;215
ЮЗ;Ученик904;Информатика;625
В;Ученик905;Обществознание;526
В;Ученик906;Биология;273
ЮЗ;Ученик907;Обществознание;949
Нм;Ученик908;Обществознание;452
В;Ученик909;Биология;497
Ц;Ученик910;Физкультура;290
Нм;Ученик911;Физика;916
Тр;Ученик912;Физкультура;374
Зел;Ученик913;Физкультура;210
Тр;Ученик914;Обществознание;157
З;Ученик915;Обществознание;837
ЮВ;Ученик916;Информатика;603
СВ;Ученик917;Информатика;58
Нм;Ученик918;Физика;378
С;Ученик919;Информатика;535
СЗ;Ученик920;Обществознание;163
ЮЗ;Ученик921;Физкультура;262
Тр;Ученик922;Биология;906
С;Ученик923;Информатика;109
З;Ученик924;Обществознание;437
Тр;Ученик925;Обществознание;452
СЗ;Ученик926;Информатика;99
З;Ученик927;Информатика;727
Ц;Ученик928;Информатика;649
Тр;Ученик929;Обществознание;120
Нм;Ученик930;Обществознание;402
Ц;Ученик931;Обществознание;944
Зел;Ученик932;Физкультура;566
СЗ;Ученик933;Физика;821
В;Ученик934;Информатика;34
Нм;Ученик935;Физкультура;630
Ц;Ученик936;Физика;467
В;Ученик937;Биология;751
В;Ученик938;Обществознание;969
СЗ;Ученик939;Физика;308
ЮЗ;Ученик940;Обществознание;587
ЮЗ;Ученик941;Физика;213
С;Ученик942;Физкультура;34
ЮВ;Ученик943;Обществознание;893
Тр;Ученик944;Физика;624
СЗ;Ученик945;Обществознание;832
В;Ученик946;Физкультура;340
Нм;Ученик947;Информатика;902
Нм;Ученик948;Информатика;293
Нм;Ученик949;Обществознание;915
Ю;Ученик950;Информатика;245
ЮЗ;Ученик951;Биология;872
Нм;Ученик952;Физкультура;608
ЮВ;Ученик953;Физика;233
ЮВ;Ученик954;Физкультура;750
СЗ;Ученик955;Физкультура;543
СЗ;Ученик956;Физкультура;64
ЮВ;Ученик957;Информатика;590
Зел;Ученик958;Физика;482
ЮЗ;Ученик959;Биология;543
В;Ученик960;Обществознание;191
ЮЗ;Ученик961;Информатика;849
СЗ;Ученик962;Обществознание;712
СВ;Ученик963;Физика;47
СВ;Ученик964;Обществознание;790
З;Ученик965;Физкультура;820
В;Ученик966;Физкультура;74
В;Ученик967;Физика;570
Нм;Ученик968;Обществознание;525
СЗ;Ученик969;Физкультура;247
Нм;Ученик970;Физика;943
ЮВ;Ученик971;Информатика;369
Зел;Ученик972;Обществознание;701
С;Ученик973;Физкультура;202
З;Ученик974;Обществознание;76
З;Ученик975;Информатика;870
СЗ;Ученик976;Биология;862
ЮЗ;Ученик977;Физкультура;425
Тр;Ученик978;Информатика;285
Ц;Ученик979;Обществознание;646
Тр;Ученик980;Информатика;481
Тр;Ученик981;Биология;459
З;Ученик982;Физкультура;44
ЮВ;Ученик983;Физкультура;581
ЮВ;Ученик984;Обществознание;992
СЗ;Ученик985;Информатика;128
СВ;Ученик986;Физика;487
ЮВ;Ученик987;Биология;665
Тр;Ученик988;Физкультура;843
СЗ;Ученик989;Физика;896
Ц;Ученик990;Обществознание;755
З;Ученик991;Физика;396
С;Ученик992;Информатика;16
ЮВ;Ученик993;Физкультура;410
СВ;Ученик994;Физика;402
Тр;Ученик995;Биология;17
СВ;Ученик996;Биология;22
Ю;Ученик997;Биология;910
З;Ученик998;Физика;985
С;Ученик999;Физика;334
Зел;Ученик1000;Обществознание;718
